"Longitude"	"Latitude"	"Collector"	"Collection.Number"	"Genus"	"Species"	"Country"	"StateProvince"	"MinimumElevation"	"MaximumElevation"	"REPOSITORIO"	"SP"
"-39.1815805"	"-16.3721094"	"S. A. Mori"	"10322"	"Protium"	"calanense"	"Brazil"	"Bahia"	"NA"	"NA"	220947	"P. calanense"
"-65.55"	"3.17"	"D. Coomes"	"1"	"Protium"	"aracouchini"	"Venezuela"	"Amazonas"	106	"NA"	220947	"P. aracouchini"
"-45.2508"	"-3.4919"	"W. L. Bal?e"	"1002"	"Protium"	"aracouchini"	"Brazil"	"Maranh?o"	"NA"	"NA"	220947	"P. aracouchini"
"-77.02"	"-0.43"	"W. A. Palacios"	"1009"	"Protium"	"aracouchini"	"Ecuador"	"Napo"	250	250	220947	"P. aracouchini"
"-72.67"	"-7.63111"	"C. A. Cid Ferreira"	"10147B"	"Protium"	"aracouchini"	"Brazil"	"Acre"	"NA"	"NA"	220947	"P. aracouchini"
"-60.17"	"-12.75"	"M. G. Vieira"	"1024"	"Protium"	"aracouchini"	"Brazil"	"Rond?nia"	"NA"	"NA"	220947	"P. aracouchini"
"-72.13"	"-0.65"	"E. Alvarez"	"1017"	"Protium"	"elegans"	"Colombia"	"Amazonas"	200	300	220947	"P. elegans"
"-67.42"	"2.92"	"J. A. Steyermark"	"102859"	"Protium"	"elegans"	"Venezuela"	"Amazonas"	125	125	220947	"P. elegans"
"-66.383333"	"6.15"	"Delgado, L."	303	"Protium"	"sp. 1"				550		"P. sp. 1"
"-60.187944"	"5.852139"	"Tripp, E."	3058	"Protium"	"sp. 1"				840		"P. sp. 1"
"-67.566667"	"4.9"	"Castillo, A."	4198	"Protium"	"sp. 1"				"NA"		"P. sp. 1"
"-67.05"	"1.933333"	"Clark, H.L."	6736	"Protium"	"sp. 1"				119		"P. sp. 1"
"-66.116667"	"0.833333"	"Liesner, R."	15904	"Protium"	"sp. 1"				500		"P. sp. 1"
"-65.95"	"0.85"	"Liesner, R."	16683	"Protium"	"sp. 1"				870		"P. sp. 1"
"-66.125"	"5.691667"	"Liesner, R."	21379	"Protium"	"sp. 1"				650		"P. sp. 1"
"-66.141667"	"5.683333"	"Liesner, R."	21439	"Protium"	"sp. 1"				1000		"P. sp. 1"
"-65.783333"	"1.433333"	"Liesner, R."	22072	"Protium"	"sp. 1"				1550		"P. sp. 1"
"-65.816667"	"1.533333"	"Liesner, R."	22465	"Protium"	"sp. 1"				1400		"P. sp. 1"
"-65.816667"	"1.533333"	"Liesner, R."	22626	"Protium"	"sp. 1"				1400		"P. sp. 1"
"-65.980556"	"0.866667"	"Nee, M."	31187	"Protium"	"sp. 1"				1300		"P. sp. 1"
"-65.980556"	"0.866667"	"Nee, M."	31188	"Protium"	"sp. 1"				1300		"P. sp. 1"
"-76.083333"	"7.5"	"Gentry, A.H."	63893	"Protium"	"sp. 1"				200		"P. sp. 1"
"-64.222222"	"4.694444"	"Steyermark, J.A."	109047	"Protium"	"sp. 1"				1320		"P. sp. 1"
"-62.5"	"3.75"	"Steyermark, J.A."	123997	"Protium"	"sp. 1"				1420		"P. sp. 1"
"-62.5"	"3.75"	"Steyermark, J.A."	123997	"Protium"	"sp. 1"				1420		"P. sp. 1"
"-65.516667"	"3.716667"	"Steyermark, J.A."	130634	"Protium"	"sp. 1"				1350		"P. sp. 1"
"-66.383333"	"6.566667"	"Fernandez"	5789	"Protium"	"sp. 2"				800		"P. sp. 2"
"-76.435833"	"7.243333"	"Brand, J."	238	"Protium"	"sp. 3"				25		"P. sp. 3"
"-76.435833"	"7.243333"	"Brand, J."	274	"Protium"	"sp. 3"				25		"P. sp. 3"
"-76.8333"	"7.5"	"Cardenas, D."	1226	"Protium"	"sp. 3"				300		"P. sp. 3"
"-76.8333"	"7.5"	"Cardenas, D."	1655	"Protium"	"sp. 3"				540		"P. sp. 3"
"-76.8333"	"7.5"	"Cardenas, D."	1777	"Protium"	"sp. 3"				250		"P. sp. 3"
"-77.306"	"3.97592"	"Gentry, A.H."	53367	"Protium"	"sp. 3"				20		"P. sp. 3"
"-64.57"	"5.15"	"B. M. Boom"	"10444"	"Protium"	"aracouchini"	"Venezuela"	"Bol?var"	170	170	220947	"P. aracouchini"
"-64.75"	"5.33"	"B. M. Boom"	"10475"	"Protium"	"aracouchini"	"Venezuela"	"Bol?var"	330	330	220947	"P. aracouchini"
"-39.0692"	"-14.7819"	"W. W. Thomas"	"10529"	"Protium"	"calanense"	"Brazil"	"Bahia"	0	50	220947	"P. calanense"
"-64.47"	"6.63"	"L. A. Delgado"	"1057"	"Protium"	"aracouchini"	"Venezuela"	"Bol?var"	270	270	220947	"P. aracouchini"
"-64.93"	"5.13"	"B. M. Boom"	"10599"	"Protium"	"aracouchini"	"Venezuela"	"Bol?var"	300	300	220947	"P. aracouchini"
"-57.52"	"-7.58"	"W. R. Anderson"	"10642"	"Protium"	"aracouchini"	"Brazil"	"Par?"	140	140	220947	"P. aracouchini"
"-67.05"	"-0.116667"	"W. A. Rodrigues"	"10689"	"Protium"	"aracouchini"	"Brazil"	"Amazonas"	"NA"	"NA"	220947	"P. aracouchini"
"-64.23"	"6.7"	"L. A. Delgado"	"1073"	"Protium"	"aracouchini"	"Venezuela"	"Bol?var"	240	"NA"	220947	"P. aracouchini"
"-48.417263"	"-1.4402643"	"J. M. Pires"	"10737"	"Protium"	"aracouchini"	"Brazil"	"Par?"	"NA"	"NA"	220947	"P. aracouchini"
"-67.62"	"4.55"	"E. Melgueiro"	"108"	"Protium"	"aracouchini"	"Venezuela"	"Amazonas"	80	90	220947	"P. aracouchini"
"-63.1194"	"6.6389"	"B. G. Stergios D."	"10955"	"Protium"	"aracouchini"	"Venezuela"		"NA"	"NA"	220947	"P. aracouchini"
"-73.42"	"-3.8"	"R. V?squez Mart?nez"	"10964"	"Protium"	"aracouchini"	"Peru"	"Loreto"	122	"NA"	220947	"P. aracouchini"
-63	"7.77"	"R. L. Liesner"	"11022"	"Protium"	"aracouchini"	"Venezuela"	"Bol?var"	250	350	220947	"P. aracouchini"
"-40.5747"	"-15.2647"	"W. W. Thomas"	"11249"	"Protium"	"calanense"	"Brazil"	"Bahia"	250	536	220947	"P. calanense"
"-67.67"	"3.92"	"B. G. Stergios D."	"11565"	"Protium"	"aracouchini"	"Venezuela"	"Amazonas"	110	110	220947	"P. aracouchini"
"-69.41916667"	"-12.6563889"	"M. Aguilar"	"1163"	"Protium"	"aracouchini"	"Peru"	"Madre de Dios"	210	210	220947	"P. aracouchini"
"-52.6008224"	"-0.8809315"	"N. T. da Silva"	"1165"	"Protium"	"aracouchini"	"Brazil"	"Par?"	"NA"	"NA"	220947	"P. aracouchini"
"-52.6008224"	"-0.8809315"	"N. T. da Silva"	"1165"	"Protium"	"aracouchini"	"Brazil"	"Par?"	"NA"	"NA"	220947	"P. aracouchini"
"-39.250406"	"-15.1466593"	"S. A. Mori"	"11899"	"Protium"	"calanense"	"Brazil"	"Bahia"	"NA"	"NA"	220947	"P. calanense"
"-48.417263"	"-1.4402643"	"J. M. Pires"	"11908"	"Protium"	"aracouchini"	"Brazil"	"Par?"	"NA"	"NA"	220947	"P. aracouchini"
"-64.87"	"-3.37"	"S. T. McDaniel"	"11937"	"Protium"	"aracouchini"	"Brazil"	"Amazonas"	40	"NA"	220947	"P. aracouchini"
"-71.78"	"7.625"	"J. A. Steyermark"	"119431"	"Protium"	"aracouchini"	"Venezuela"	"T?chira"	250	350	220947	"P. aracouchini"
"-73.7167"	"2.55"	"J. C. Betancur"	"11976"	"Protium"	"leptostachyum"	"Colombia"	"Meta"	225	"NA"	220947	"P. leptostachyum"
"-39.415"	"-16.86722222"	"W. W. Thomas"	"11993"	"Protium"	"calanense"	"Brazil"	"Bahia"	50	50	220947	"P. calanense"
"-62.533333"	"-7.75"	"L. O. A. Teixeira"	"1210"	"Protium"	"aracouchini"	"Brazil"	"Amazonas"	"NA"	"NA"	220947	"P. aracouchini"
"-73.73"	"-7.5"	"G. T. Prance"	"12128"	"Protium"	"elegans"	"Brazil"	"Acre"	"NA"	"NA"	220947	"P. elegans"
"-73.73"	"-7.5"	"G. T. Prance"	"12128"	"Protium"	"elegans"	"Brazil"	"Acre"	"NA"	"NA"	220947	"P. elegans"
"-67.25"	"5.58"	"J. A. Steyermark"	"122130"	"Protium"	"aracouchini"	"Venezuela"	"Amazonas"	200	300	220947	"P. aracouchini"
"-76.25"	"-0.85"	"A. Dik"	"1227"	"Protium"	"aracouchini"	"Ecuador"	"Napo"	260	260	220947	"P. aracouchini"
"-64.8239279"	"-3.345023"	"T. C. Plowman"	"12425"	"Protium"	"aracouchini"	"Brazil"	"Amazonas"	"NA"	"NA"	220947	"P. aracouchini"
"-73.73"	"-7.5"	"G. T. Prance"	"12425a"	"Protium"	"aracouchini"	"Brazil"	"Acre"	"NA"	"NA"	220947	"P. aracouchini"
"-68.67"	"-12.53"	"M. N. Alexiades"	"1251"	"Protium"	"aracouchini"	"Peru"	"Madre de Dios"	180	180	220947	"P. aracouchini"
"-77.7533"	"-2.1147"	"C. Kajekai"	"1321"	"Protium"	"calanense"	"Ecuador"	"Morona-Santiago"	800	800	220947	"P. calanense"
"-77.5"	"-1.13"	"W. A. Palacios"	"1359"	"Protium"	"aracouchini"	"Ecuador"	"Napo"	450	"NA"	220947	"P. aracouchini"
"-67.0003796"	"1.9489463"	"T. C. Plowman"	"13684"	"Protium"	"aracouchini"	"Venezuela"	"Amazonas"	"NA"	"NA"	220947	"P. aracouchini"
"-39.1202492"	"-15.1148921"	"S. A. Mori"	"13744"	"Protium"	"aracouchini"	"Brazil"	"Bahia"	100	100	220947	"P. aracouchini"
"-65.895"	"6.155"	"B. G. Stergios D."	"13794"	"Protium"	"aracouchini"	"Venezuela"	"Bol?var"	250	350	220947	"P. aracouchini"
"-77.7575"	"-2.1106"	"C. Kajekai"	"1388"	"Protium"	"calanense"	"Ecuador"	"Morona-Santiago"	870	"NA"	220947	"P. calanense"
"-64.79917"	"-7.25861"	"G. T. Prance"	"13973"	"Protium"	"aracouchini"	"Brazil"	"Amazonas"	"NA"	"NA"	220947	"P. aracouchini"
"-59.9867168"	"-3.0882501"	"W. A. Ducke"	"1399"	"Protium"	"aracouchini"	"Brazil"	"Amazonas"	"NA"	"NA"	220947	"P. aracouchini"
"-59.9867168"	"-3.0882501"	"W. A. Ducke"	"1399"	"Protium"	"aracouchini"	"Brazil"	"Amazonas"	"NA"	"NA"	220947	"P. aracouchini"
"-77.9436"	"-3.0503"	"D. A. Neill"	"14012"	"Protium"	"aracouchini"	"Ecuador"	"Morona-Santiago"	340	"NA"	220947	"P. aracouchini"
"-59.97"	"-2.883333"	"J. E. L. S. Ribeiro"	"1403"	"Protium"	"aracouchini"	"Brazil"	"Amazonas"	"NA"	"NA"	220947	"P. aracouchini"
"-39.0492"	"-14.7892"	"L. A. Mattos Silva"	"1411"	"Protium"	"aracouchini"	"Brazil"	"Bahia"	"NA"	"NA"	220947	"P. aracouchini"
"-67.550679"	"2.727741"	"L. W. Williams"	"14347"	"Protium"	"elegans"	"Venezuela"	"Amazonas"	127	127	220947	"P. elegans"
"-65.5843395"	"-10.537275"	"G. Meyer"	"144"	"Protium"	"aracouchini"	"Bolivia"	"Beni"	"NA"	"NA"	220947	"P. aracouchini"
"-39.5506"	"-18.0867"	"R. P. Bel?m"	"1441"	"Protium"	"calanense"	"Brazil"	"Bahia"	"NA"	"NA"	220947	"P. calanense"
"-64.93"	"3.25"	"B. G. Stergios D."	"14420"	"Protium"	"aracouchini"	"Venezuela"	"Amazonas"	220	450	220947	"P. aracouchini"
"-64.93"	"3.25"	"B. G. Stergios D."	"14446"	"Protium"	"aracouchini"	"Venezuela"	"Amazonas"	220	450	220947	"P. aracouchini"
"-65.2"	"3.03"	"B. G. Stergios D."	"14561"	"Protium"	"aracouchini"	"Venezuela"	"Amazonas"	200	230	220947	"P. aracouchini"
"-72.13"	"-0.57"	"A. C. Londo?o"	"1486"	"Protium"	"aracouchini"	"Colombia"	"Amazonas"	200	300	220947	"P. aracouchini"
"-68.8431"	"-13.0258"	"A. Poma"	"149 A"	"Protium"	"aracouchini"	"Bolivia"	"La Paz"	190	190	220947	"P. aracouchini"
"-65.11666667"	"2.433333333"	"B. G. Stergios D."	"15013"	"Protium"	"aracouchini"	"Venezuela"	"Amazonas"	185	185	220947	"P. aracouchini"
"-60.5089"	"-2.8275"	"G. T. Prance"	"15036"	"Protium"	"aracouchini"	"Brazil"	"Amazonas"	"NA"	"NA"	220947	"P. aracouchini"
"-67.0579264"	"1.9218151"	"Collector unspecified"	"1535"	"Protium"	"aracouchini"	"Venezuela"		115	"NA"	220947	"P. aracouchini"
"-65.53"	"3.18"	"L. W. Williams"	"15376"	"Protium"	"aracouchini"	"Venezuela"	"Amazonas"	130	130	220947	"P. aracouchini"
"-46.1167"	"-1.2"	"W. L. Bal?e"	"1538"	"Protium"	"aracouchini"	"Brazil"	"Par?"	"NA"	"NA"	220947	"P. aracouchini"
"-68.8431"	"-13.0258"	"A. Poma"	"156"	"Protium"	"aracouchini"	"Bolivia"	"La Paz"	190	190	220947	"P. aracouchini"
"-67.005921"	"-0.1518397"	"G. T. Prance"	"15688"	"Protium"	"aracouchini"	"Brazil"	"Amazonas"	"NA"	"NA"	220947	"P. aracouchini"
"-77.610006"	"-3.822022"	"I. Huamantupa Chuquimaco"	"15776"	"Protium"	"leptostachyum"	"Peru"	"Amazonas"	1044	"NA"	220947	"P. leptostachyum"
"-76.18"	-1	"A. Dik"	"1579"	"Protium"	"aracouchini"	"Ecuador"	"Napo"	250	"NA"	220947	"P. aracouchini"
"-57.733"	"-4.5"	"J. C. Lindeman"	"158"	"Protium"	"aracouchini"	"Suriname"	"Nickerie"	30	130	220947	"P. aracouchini"
"-76.53"	"-0.52"	"N. C. A. Pitman"	"1596 A"	"Protium"	"aracouchini"	"Ecuador"	"Napo"	250	250	220947	"P. aracouchini"
"-76.18"	"-1.03"	"A. Dik"	"1606"	"Protium"	"aracouchini"	"Ecuador"	"Napo"	249	249	220947	"P. aracouchini"
"-65.55"	"3.17"	"G. Zimmermann"	"161"	"Protium"	"aracouchini"	"Venezuela"	"Amazonas"	120	"NA"	220947	"P. aracouchini"
"-76.18"	"-1.03"	"A. Dik"	"1616"	"Protium"	"aracouchini"	"Ecuador"	"Napo"	249	249	220947	"P. aracouchini"
"-77.5606"	"-2.7458"	"D. A. Neill"	"16395"	"Protium"	"calanense"	"Ecuador"	"Morona-Santiago"	220	"NA"	220947	"P. calanense"
"-56.52"	"5.1"	"H. Jim?nez Saa."	"1685"	"Protium"	"aracouchini"	"Suriname"		"NA"	"NA"	220947	"P. aracouchini"
"-73.67"	"-4.92"	"Collector unspecified"	"17"	"Protium"	"aracouchini"	"Peru"	"Loreto"	125	"NA"	220947	"P. aracouchini"
"-65.97"	"-10.78"	"J. C. Solomon"	"17176"	"Protium"	"aracouchini"	"Bolivia"	"Pando"	110	110	220947	"P. aracouchini"
"-66.3"	"2.58"	"M. Colella"	"1720"	"Protium"	"aracouchini"	"Venezuela"	"Amazonas"	90	120	220947	"P. aracouchini"
"-39.1"	"-14.48"	"P. Fiaschi"	"1728"	"Protium"	"aracouchini"	"Brazil"	"Bahia"	"NA"	"NA"	220947	"P. aracouchini"
"-54.743479"	"4.268374"	"J. C. Lindeman"	"175"	"Protium"	"aracouchini"	"Suriname"		550	710	220947	"P. aracouchini"
"-77.5"	"-0.7"	"E. Freire"	"177"	"Protium"	"aracouchini"	"Ecuador"	"Napo"	870	"NA"	220947	"P. aracouchini"
"-65.73333333"	"3.733333333"	"R. L. Liesner"	"17914"	"Protium"	"aracouchini"	"Venezuela"	"Amazonas"	210	280	220947	"P. aracouchini"
"-60.3529429"	"-2.6996631"	"G. T. Prance"	"18038"	"Protium"	"aracouchini"	"Brazil"	"Amazonas"	"NA"	"NA"	220947	"P. aracouchini"
"-73.73"	"2.27"	"O. Marulanda"	"1835"	"Protium"	"aracouchini"	"Colombia"	"Guaviare"	300	"NA"	220947	"P. aracouchini"
"-59.35"	"-10.2"	"G. T. Prance"	"18356"	"Protium"	"aracouchini"	"Brazil"	"Mato Grosso"	"NA"	"NA"	220947	"P. aracouchini"
"-53.6"	"5.47"	"Collector unspecified"	"1838"	"Protium"	"aracouchini"	"French Guiana"	"Cayenne"	"NA"	"NA"	220947	"P. aracouchini"
"-39.13"	"-16.38"	"A. Euponino"	"186"	"Protium"	"calanense"	"Brazil"	"Bahia"	40	40	220947	"P. calanense"
"-58.78"	"-10.37"	"V. C. Souza"	"18681"	"Protium"	"aracouchini"	"Brazil"	"Mato Grosso"	"NA"	"NA"	220947	"P. aracouchini"
"-73.37"	"-4.17"	"C. Gr?ndez"	"1897"	"Protium"	"aracouchini"	"Peru"	"Loreto"	130	130	220947	"P. aracouchini"
"-59.4592"	"-10.1669"	"M. dos Reis Cordeiro"	"191"	"Protium"	"aracouchini"	"Brazil"	"Mato Grosso"	"NA"	"NA"	220947	"P. aracouchini"
"-53.2"	"3.63"	"S. A. Mori"	"19168"	"Protium"	"aracouchini"	"French Guiana"		400	400	220947	"P. aracouchini"
"-53.6"	"5.47"	"Collector unspecified"	"1950"	"Protium"	"aracouchini"	"French Guiana"	"Cayenne"	"NA"	"NA"	220947	"P. aracouchini"
"-65.5843395"	"-10.537275"	"G. Meyer"	"2"	"Protium"	"aracouchini"	"Bolivia"	"Beni"	"NA"	"NA"	220947	"P. aracouchini"
"-39.115"	"-14.4997"	"P. Fiaschi"	"2049"	"Protium"	"calanense"	"Brazil"	"Bahia"	380	380	220947	"P. calanense"
"-59.74583"	"-2.41625"	"S. A. Mori"	"20543"	"Protium"	"aracouchini"	"Brazil"	"Amazonas"	50	125	220947	"P. aracouchini"
"-39.115"	"-14.4997"	"P. Fiaschi"	"2058"	"Protium"	"aracouchini"	"Brazil"	"Bahia"	380	380	220947	"P. aracouchini"
"-58.5976589"	"-8.9756139"	"N. A. Rosa"	"2062"	"Protium"	"aracouchini"	"Brazil"	"Mato Grosso"	"NA"	"NA"	220947	"P. aracouchini"
"-73.67"	"-4.92"	"A. Smith"	"21355"	"Protium"	"aracouchini"	"Peru"	"Loreto"	"NA"	"NA"	220947	"P. aracouchini"
"-60.0291681"	"-1.9809959"	"G. T. Prance"	"21637"	"Protium"	"aracouchini"	"Brazil"	"Amazonas"	"NA"	"NA"	220947	"P. aracouchini"
"-60.0291681"	"-1.9809959"	"G. T. Prance"	"21637"	"Protium"	"aracouchini"	"Brazil"	"Amazonas"	"NA"	"NA"	220947	"P. aracouchini"
"-57.1288204"	"-1.0038673"	"L. S. Co?lho"	"217"	"Protium"	"aracouchini"	"Brazil"	"Par?"	"NA"	"NA"	220947	"P. aracouchini"
"-67.0579264"	"1.9218151"	"R. Spruce"	"2179"	"Protium"	"aracouchini"	"Venezuela"		"NA"	"NA"	220947	"P. aracouchini"
"-67.0579264"	"1.9218151"	"R. Spruce"	"2179"	"Protium"	"aracouchini"	"Venezuela"		"NA"	"NA"	220947	"P. aracouchini"
"-59.9281883"	"-2.9548699"	"G. T. Prance"	"2190"	"Protium"	"aracouchini"	"Brazil"	"Amazonas"	"NA"	"NA"	220947	"P. aracouchini"
"-59.9281883"	"-2.9548699"	"G. T. Prance"	"2190"	"Protium"	"aracouchini"	"Brazil"	"Amazonas"	"NA"	"NA"	220947	"P. aracouchini"
"-59.9281883"	"-2.9548699"	"P. A. C. L. Assun??o"	"22"	"Protium"	"aracouchini"	"Brazil"	"Amazonas"	"NA"	"NA"	220947	"P. aracouchini"
"-39.0791667"	"-14.3866667"	"P. Fiaschi"	"2221"	"Protium"	"calanense"	"Brazil"	"Bahia"	"NA"	"NA"	220947	"P. calanense"
"-67.0892"	"-0.1306"	"R. Spruce"	"2321"	"Protium"	"aracouchini"	"Brazil"	"Amazonas"	"NA"	"NA"	220947	"P. aracouchini"
"-39.0644"	"-16.4497"	"J. P. Souza"	"2411"	"Protium"	"aracouchini"	"Brazil"	"Bahia"	"NA"	"NA"	220947	"P. aracouchini"
"-69.28"	"-12.82"	"G. S. Hartshorn"	"2419"	"Protium"	"aracouchini"	"Peru"	"Madre de Dios"	280	"NA"	220947	"P. aracouchini"
"-69.28"	"-12.82"	"G. S. Hartshorn"	"2419"	"Protium"	"aracouchini"	"Peru"	"Madre de Dios"	280	"NA"	220947	"P. aracouchini"
"-49.7205162"	"-3.7861835"	"N. A. Rosa"	"2425"	"Protium"	"aracouchini"	"Brazil"	"Par?"	"NA"	"NA"	220947	"P. aracouchini"
"-76.53"	"-0.52"	"J. Zuleta"	"244"	"Protium"	"aracouchini"	"Ecuador"	"Napo"	240	240	220947	"P. aracouchini"
"-68.8431"	"-13.0258"	"A. Poma"	"245"	"Protium"	"aracouchini"	"Bolivia"	"La Paz"	190	190	220947	"P. aracouchini"
"-59.74583"	"-2.41625"	"N. M. Lepsch da Cunha"	"249"	"Protium"	"aracouchini"	"Brazil"	"Amazonas"	50	125	220947	"P. aracouchini"
"-39.0902778"	"-13.3288889"	"P. Fiaschi"	"2521"	"Protium"	"calanense"	"Brazil"	"Bahia"	220	220	220947	"P. calanense"
"-67.12"	"2.0039"	"G. Davidse"	"26600"	"Protium"	"leptostachyum"	"Colombia"	"Guainía"	65	65	220947	"P. leptostachyum"
"-66.42"	"1.08"	"G. Davidse"	"26820"	"Protium"	"aracouchini"	"Venezuela"	"Amazonas"	80	80	220947	"P. aracouchini"
"-66.17"	"0.83"	"G. Davidse"	"27010"	"Protium"	"aracouchini"	"Venezuela"	"Amazonas"	200	"NA"	220947	"P. aracouchini"
"-66.08"	"0.83"	"G. Davidse"	"27135"	"Protium"	"aracouchini"	"Venezuela"	"Amazonas"	150	300	220947	"P. aracouchini"
"-66.08"	"0.83"	"G. Davidse"	"27135"	"Protium"	"aracouchini"	"Venezuela"	"Amazonas"	150	300	220947	"P. aracouchini"
"-73.8997"	"-7.9636"	"J. G. Graham"	"2735"	"Protium"	"aracouchini"	"Peru"	"Ucayali"	850	"NA"	220947	"P. aracouchini"
"-66.558"	"1.667"	"G. Davidse"	"27791"	"Protium"	"leptostachyum"	"Venezuela"	"Amazonas"	80	"NA"	220947	"P. leptostachyum"
"-59.6854736"	"-2.3153702"	"A. A. de Oliveira"	"278"	"Protium"	"aracouchini"	"Brazil"	"Amazonas"	50	125	220947	"P. aracouchini"
"-39.08"	"-15.15"	"S. C. de Sant'Ana"	"279"	"Protium"	"calanense"	"Brazil"	"Bahia"	"NA"	"NA"	220947	"P. calanense"
"-52.5817"	"-1.52333"	"M. R. dos Santos"	"282"	"Protium"	"aracouchini"	"Brazil"	"Par?"	"NA"	"NA"	220947	"P. aracouchini"
"-68.5121369"	"0.2251762"	"R. Spruce"	"2824"	"Protium"	"elegans"	"Brazil"		"NA"	"NA"	220947	"P. elegans"
"-68.5121369"	"0.2251762"	"R. Spruce"	"2824"	"Protium"	"elegans"	"Brazil"		"NA"	"NA"	220947	"P. elegans"
"-59.97"	"-2.883333"	"J. F. Ramos"	"2831"	"Protium"	"aracouchini"	"Brazil"	"Amazonas"	"NA"	"NA"	220947	"P. aracouchini"
"-77.62"	"-1.07"	"W. A. Palacios"	"2838"	"Protium"	"aracouchini"	"Ecuador"	"Napo"	450	450	220947	"P. aracouchini"
"-59.97"	"-2.883333"	"J. F. Ramos"	"2840"	"Protium"	"aracouchini"	"Brazil"	"Amazonas"	"NA"	"NA"	220947	"P. aracouchini"
"-77.08"	"-0.33"	"D. Rubio"	"287"	"Protium"	"aracouchini"	"Ecuador"	"Napo"	250	250	220947	"P. aracouchini"
"-45.2508"	"-3.4919"	"W. L. Bal?e"	"288"	"Protium"	"aracouchini"	"Brazil"	"Maranh?o"	"NA"	"NA"	220947	"P. aracouchini"
"-77.62"	"-1.07"	"J. Homeier"	"2893"	"Protium"	"aracouchini"	"Ecuador"	"Napo"	425	"NA"	220947	"P. aracouchini"
"-59.9281883"	"-2.9548699"	"O. P. Monteiro"	"290"	"Protium"	"aracouchini"	"Brazil"	"Amazonas"	"NA"	"NA"	220947	"P. aracouchini"
"-61.7961"	"-1.1161"	"D. C. Zappi"	"2931"	"Protium"	"calanense"	"Brazil"	"Roraima"	"NA"	"NA"	220947	"P. calanense"
"-64.7750473"	"-3.5795554"	"C. E. Calder?n"	"2949"	"Protium"	"aracouchini"	"Brazil"	"Amazonas"	"NA"	"NA"	220947	"P. aracouchini"
"-39.4792"	"-13.6869"	"S. C. de Sant'Ana"	"296"	"Protium"	"aracouchini"	"Brazil"	"Bahia"	380	600	220947	"P. aracouchini"
"-64.93"	"5.37"	"S. Elcoro"	"303"	"Protium"	"aracouchini"	"Venezuela"	"Bol?var"	470	470	220947	"P. aracouchini"
"-66.1"	"5.63"	"B. K. Holst"	"3047"	"Protium"	"aracouchini"	"Venezuela"	"Amazonas"	150	"NA"	220947	"P. aracouchini"
"-66.1"	"5.63"	"B. K. Holst"	"3051"	"Protium"	"aracouchini"	"Venezuela"	"Amazonas"	150	"NA"	220947	"P. aracouchini"
"-66.1"	"5.63"	"B. K. Holst"	"3061"	"Protium"	"aracouchini"	"Venezuela"	"Amazonas"	200	300	220947	"P. aracouchini"
"-39.2481074"	"-15.2189248"	"T. S. dos Santos"	"307"	"Protium"	"calanense"	"Brazil"	"Bahia"	"NA"	"NA"	220947	"P. calanense"
"-57.266667"	"-3.716667"	"J. L. Zarucchi"	"3089"	"Protium"	"aracouchini"	"Brazil"	"Amazonas"	"NA"	"NA"	220947	"P. aracouchini"
"-59.9281883"	"-2.9548699"	"G. T. Prance"	"3102"	"Protium"	"aracouchini"	"Brazil"	"Amazonas"	"NA"	"NA"	220947	"P. aracouchini"
"-47.6753533"	"-1.3224905"	"M. Kuhlmann"	"311"	"Protium"	"aracouchini"	"Brazil"	"Par?"	"NA"	"NA"	220947	"P. aracouchini"
"-47.6753533"	"-1.3224905"	"M. Kuhlmann"	"311"	"Protium"	"aracouchini"	"Brazil"	"Par?"	"NA"	"NA"	220947	"P. aracouchini"
-60	-13	"B. W. Nelson"	"313"	"Protium"	"aracouchini"	"Brazil"	"Rond?nia"	"NA"	"NA"	220947	"P. aracouchini"
"-47.5378"	"-4.4361"	"M. G. da Silva"	"3139"	"Protium"	"aracouchini"	"Brazil"	"Par?"	"NA"	"NA"	220947	"P. aracouchini"
"-76.2"	"-0.98"	"M. Aulestia"	"3189"	"Protium"	"aracouchini"	"Ecuador"		235	235	220947	"P. aracouchini"
"-66.13"	"0.83"	"W. W. Thomas"	"3192"	"Protium"	"aracouchini"	"Venezuela"	"Amazonas"	160	160	220947	"P. aracouchini"
"-62.9"	"-9.1233"	"G. Vieira"	"320"	"Protium"	"aracouchini"	"Brazil"	"Rond?nia"	112	112	220947	"P. aracouchini"
"-75.2614"	"-10.3389"	"R. Vásquez Martínez"	"32186"	"Protium"	"leptostachyum"	"Peru"	"Pasco"	700	"NA"	220947	"P. leptostachyum"
"-66.12"	"0.83"	"W. W. Thomas"	"3221"	"Protium"	"aracouchini"	"Venezuela"	"Amazonas"	170	170	220947	"P. aracouchini"
"-73.58"	"-3.92"	"R. Vásquez Martínez"	"3253"	"Protium"	"calanense"	"Peru"	"Loreto"	130	130	220947	"P. calanense"
"-35.5"	"-7.58"	"E. M. N. Ferraz"	"327"	"Protium"	"aracouchini"	"Brazil"	"Pernambuco"	600	600	220947	"P. aracouchini"
"-46.08"	"-3.12"	"W. L. Bal?e"	"3271"	"Protium"	"aracouchini"	"Brazil"	"Maranh?o"	"NA"	"NA"	220947	"P. aracouchini"
"-76.18"	"-0.02"	"J. Brandbyge"	"33968"	"Protium"	"aracouchini"	"Ecuador"	"Napo"	300	300	220947	"P. aracouchini"
"-46.08"	"-3.12"	"W. L. Bal?e"	"3416"	"Protium"	"aracouchini"	"Brazil"	"Maranh?o"	"NA"	"NA"	220947	"P. aracouchini"
"-67.9667"	"5.3167"	"J. L. Zarucchi"	"3470"	"Protium"	"leptostachyum"	"Colombia"	"Vichada"	120	"NA"	220947	"P. leptostachyum"
"-65.15"	"-10.933333"	"M. H. Nee"	"34821"	"Protium"	"aracouchini"	"Brazil"	"Rond?nia"	175	175	220947	"P. aracouchini"
"-67.07"	"1.93"	"R. L. Liesner"	"3496"	"Protium"	"aracouchini"	"Venezuela"	"Amazonas"	120	120	220947	"P. aracouchini"
"-52.6008224"	"-0.8809315"	"E. de Oliveira"	"3531"	"Protium"	"aracouchini"	"Brazil"	"Par?"	140	140	220947	"P. aracouchini"
"-64.4564"	"-9.2697"	"A. A. dos Santos"	"3602"	"Protium"	"calanense"	"Brazil"	"Rondônia"	93	"NA"	220947	"P. calanense"
"-45.2508"	"-3.4919"	"W. L. Bal?e"	"361"	"Protium"	"aracouchini"	"Brazil"	"Maranh?o"	"NA"	"NA"	220947	"P. aracouchini"
"-39.0331149"	"-14.4781042"	"A. M. Amorim"	"361"	"Protium"	"aracouchini"	"Brazil"	"Bahia"	"NA"	"NA"	220947	"P. aracouchini"
"-64.5794"	"-9.2583"	"A. A. dos Santos"	"3611"	"Protium"	"calanense"	"Brazil"	"Rondônia"	83	"NA"	220947	"P. calanense"
-75	"-10.83"	"A. Smith"	"37260"	"Protium"	"aracouchini"	"Peru"	"Jun?n"	900	1000	220947	"P. aracouchini"
"-63.9039"	"-8.76194"	"L. M. M. Carreira"	"375"	"Protium"	"aracouchini"	"Brazil"	"Rond?nia"	"NA"	"NA"	220947	"P. aracouchini"
"-48.417263"	"-1.4402643"	"D. C. Daly"	"3757"	"Protium"	"aracouchini"	"Brazil"	"Par?"	"NA"	"NA"	220947	"P. aracouchini"
"-48.417263"	"-1.4402643"	"D. C. Daly"	"3757"	"Protium"	"aracouchini"	"Brazil"	"Par?"	"NA"	"NA"	220947	"P. aracouchini"
"-48.417263"	"-1.4402643"	"D. C. Daly"	"3767"	"Protium"	"aracouchini"	"Brazil"	"Par?"	"NA"	"NA"	220947	"P. aracouchini"
"-47.538503"	"-4.436442"	"U. N. Maciel"	"378"	"Protium"	"aracouchini"	"Brazil"	"Par?"	"NA"	"NA"	220947	"P. aracouchini"
"-65.25"	"3.5"	"N. Dezzeo"	"384"	"Protium"	"aracouchini"	"Venezuela"	"Amazonas"	300	"NA"	220947	"P. aracouchini"
"-39.0753"	"-15.2933"	"J. L. Paix?o"	"391"	"Protium"	"aracouchini"	"Brazil"	"Bahia"	"NA"	"NA"	220947	"P. aracouchini"
"-76.5"	"-0.63"	"Á. J. Pérez"	"3957"	"Protium"	"calanense"	"Ecuador"	"Orellana"	200	300	220947	"P. calanense"
"-64.2"	"6.23"	"Y. Fernandez"	"398"	"Protium"	"aracouchini"	"Venezuela"	"Bol?var"	308	308	220947	"P. aracouchini"
"-65.4025"	"-10.0728"	"S. Altamirano"	"4023"	"Protium"	"aracouchini"	"Bolivia"	"Pando"	214	"NA"	220947	"P. aracouchini"
"-53.25"	"1.35"	"D. C. Daly"	"4030"	"Protium"	"aracouchini"	"Brazil"	"Amap?"	"NA"	"NA"	220947	"P. aracouchini"
"-59.9281883"	"-2.9548699"	"J. E. de Paula"	"406"	"Protium"	"aracouchini"	"Brazil"	"Amazonas"	"NA"	"NA"	220947	"P. aracouchini"
"-48.417263"	"-1.4402643"	"D. C. Daly"	"4061"	"Protium"	"aracouchini"	"Brazil"	"Par?"	"NA"	"NA"	220947	"P. aracouchini"
"-77.22"	"3.1"	"A. Smith"	"40619"	"Protium"	"aracouchini"	"Colombia"	"Cauca"	20	100	220947	"P. aracouchini"
"-59.8591161"	"-2.4429611"	"D. C. Daly"	"4074"	"Protium"	"aracouchini"	"Brazil"	"Amazonas"	"NA"	"NA"	220947	"P. aracouchini"
"-60.0917441"	"-2.326638"	"D. C. Daly"	"4087"	"Protium"	"aracouchini"	"Brazil"	"Amazonas"	"NA"	"NA"	220947	"P. aracouchini"
"-59.8591161"	"-2.4429611"	"D. C. Daly"	"4103"	"Protium"	"aracouchini"	"Brazil"	"Amazonas"	"NA"	"NA"	220947	"P. aracouchini"
"-67.8230556"	"-14.6644444"	"A. Fuentes C."	"4103"	"Protium"	"aracouchini"	"Bolivia"	"La Paz"	400	400	220947	"P. aracouchini"
"-67.33333333"	"5.533333333"	"F. J. Gu?nchez"	"415"	"Protium"	"aracouchini"	"Venezuela"	"Amazonas"	80	90	220947	"P. aracouchini"
"-77.6"	"-1.07"	"W. A. Palacios"	"4226"	"Protium"	"aracouchini"	"Ecuador"	"Napo"	400	400	220947	"P. aracouchini"
"-58.7408"	"-11.3783"	"M. G. da Silva"	"4247"	"Protium"	"aracouchini"	"Brazil"	"Mato Grosso"	"NA"	"NA"	220947	"P. aracouchini"
"-59.9048156"	"-2.4341821"	"M. H. Nee"	"42628"	"Protium"	"aracouchini"	"Brazil"	"Amazonas"	"NA"	"NA"	220947	"P. aracouchini"
"-59.8109597"	"-2.4350611"	"M. H. Nee"	"42882"	"Protium"	"aracouchini"	"Brazil"	"Amazonas"	50	125	220947	"P. aracouchini"
"-60.5417"	"-13.1169"	"C. A. Cid Ferreira"	"4301"	"Protium"	"aracouchini"	"Brazil"	"Rond?nia"	"NA"	"NA"	220947	"P. aracouchini"
"-58.7408"	"-11.3783"	"M. G. da Silva"	"4312"	"Protium"	"aracouchini"	"Brazil"	"Mato Grosso"	"NA"	"NA"	220947	"P. aracouchini"
"-63.4"	"4.97"	"A. Fernandez"	"4335"	"Protium"	"aracouchini"	"Venezuela"	"Bol?var"	350	350	220947	"P. aracouchini"
"-60.0511"	"-12.7386"	"G. F. Arbocz"	"4473"	"Protium"	"aracouchini"	"Brazil"	"Mato Grosso"	"NA"	"NA"	220947	"P. aracouchini"
"-64.2"	"6.47"	"Y. Fernandez"	"448"	"Protium"	"aracouchini"	"Venezuela"	"Bol?var"	293	"NA"	220947	"P. aracouchini"
"-60.61"	"-12.13"	"C. A. Cid Ferreira"	"4497"	"Protium"	"aracouchini"	"Brazil"	"Rond?nia"	"NA"	"NA"	220947	"P. aracouchini"
"-39.08"	"-15.15"	"A. M. V. de Carvalho"	"4554"	"Protium"	"aracouchini"	"Brazil"	"Bahia"	"NA"	"NA"	220947	"P. aracouchini"
"-62.03"	"-11.2"	"C. A. Cid Ferreira"	"4605"	"Protium"	"aracouchini"	"Brazil"	"Rond?nia"	"NA"	"NA"	220947	"P. aracouchini"
"-39.0056"	"-15.3153"	"L. A. Mattos Silva"	"4606"	"Protium"	"aracouchini"	"Brazil"	"Bahia"	"NA"	"NA"	220947	"P. aracouchini"
"-67.1"	"1.7833"	"A. H. Gentry"	"46416"	"Protium"	"leptostachyum"	"Colombia"	"Guainía"	120	120	220947	"P. leptostachyum"
"-39.0692"	"-14.7819"	"A. M. V. de Carvalho"	"4668"	"Protium"	"aracouchini"	"Brazil"	"Bahia"	"NA"	"NA"	220947	"P. aracouchini"
-60	"-11.2"	"C. A. Cid Ferreira"	"4671"	"Protium"	"aracouchini"	"Brazil"	"Rond?nia"	"NA"	"NA"	220947	"P. aracouchini"
-60	"-11.2"	"C. A. Cid Ferreira"	"4671"	"Protium"	"aracouchini"	"Brazil"	"Rond?nia"	"NA"	"NA"	220947	"P. aracouchini"
"-58.7408"	"-11.3783"	"M. G. da Silva"	"4673"	"Protium"	"aracouchini"	"Brazil"	"Mato Grosso"	"NA"	"NA"	220947	"P. aracouchini"
"-39.2481074"	"-15.2189248"	"T. S. dos Santos"	"469"	"Protium"	"calanense"	"Brazil"	"Bahia"	"NA"	"NA"	220947	"P. calanense"
"-66.08"	"0.83"	"A. Smith"	"46911"	"Protium"	"aracouchini"	"Venezuela"	"Amazonas"	190	190	220947	"P. aracouchini"
"-66.13"	"0.83"	"A. Smith"	"46957"	"Protium"	"aracouchini"	"Venezuela"	"Amazonas"	150	180	220947	"P. aracouchini"
"-35.0028"	"-7.8389"	"S. G. Freire"	"47"	"Protium"	"aracouchini"	"Brazil"	"Pernambuco"	25	25	220947	"P. aracouchini"
"-35.5"	"-7.58"	"E. M. N. Ferraz"	"480"	"Protium"	"aracouchini"	"Brazil"	"Pernambuco"	600	600	220947	"P. aracouchini"
"-67.77"	"5.03"	"F. J. Breteler"	"4803"	"Protium"	"aracouchini"	"Venezuela"	"Amazonas"	90	90	220947	"P. aracouchini"
"-54.98"	"5.42"	"J. C. Lindeman"	"4808"	"Protium"	"aracouchini"	"Suriname"		"NA"	"NA"	220947	"P. aracouchini"
"-63.98"	"5.3"	"A. Fernandez"	"4897"	"Protium"	"aracouchini"	"Venezuela"	"Bol?var"	230	"NA"	220947	"P. aracouchini"
"-63.98"	"5.3"	"A. Fernandez"	"4897"	"Protium"	"aracouchini"	"Venezuela"	"Bol?var"	230	"NA"	220947	"P. aracouchini"
"-72.13"	"-0.57"	"A. C. Londo?o"	"493"	"Protium"	"aracouchini"	"Colombia"	"Amazonas"	200	300	220947	"P. aracouchini"
"-63.25"	-9	"W. W. Thomas"	"4977"	"Protium"	"aracouchini"	"Brazil"	"Rond?nia"	"NA"	"NA"	220947	"P. aracouchini"
"-59.6056"	"-10.2825"	"M. C. de Assis"	"498"	"Protium"	"aracouchini"	"Brazil"	"Mato Grosso"	"NA"	"NA"	220947	"P. aracouchini"
"-48.5044"	"-1.45583"	"H. S. Irwin"	"5017"	"Protium"	"aracouchini"	"Brazil"	"Par?"	"NA"	"NA"	220947	"P. aracouchini"
"-35.5"	"-7.58"	"E. M. N. Ferraz"	"506"	"Protium"	"aracouchini"	"Brazil"	"Pernambuco"	600	600	220947	"P. aracouchini"
"-63.0408"	"-9.91333"	"C. A. Cid Ferreira"	"5063"	"Protium"	"aracouchini"	"Brazil"	"Rond?nia"	"NA"	"NA"	220947	"P. aracouchini"
"-69.3"	"-12.82"	"C. R. Reynel"	"5072"	"Protium"	"aracouchini"	"Peru"	"Madre de Dios"	280	"NA"	220947	"P. aracouchini"
"-63.216667"	"-9.083333"	"W. W. Thomas"	"5076"	"Protium"	"aracouchini"	"Brazil"	"Rond?nia"	"NA"	"NA"	220947	"P. aracouchini"
"-35.5"	"-7.58"	"E. M. N. Ferraz"	"509"	"Protium"	"aracouchini"	"Brazil"	"Pernambuco"	600	600	220947	"P. aracouchini"
"-69.72"	"-12.82"	"A. Smith"	"51087"	"Protium"	"aracouchini"	"Peru"	"Madre de Dios"	280	280	220947	"P. aracouchini"
"-69.3"	"-12.82"	"C. R. Reynel"	"5127"	"Protium"	"aracouchini"	"Peru"	"Madre de Dios"	280	"NA"	220947	"P. aracouchini"
"-66.17"	"0.83"	"B. M. Boom"	"5134"	"Protium"	"aracouchini"	"Venezuela"		140	140	220947	"P. aracouchini"
"-69.72"	"-12.82"	"A. Smith"	"51350"	"Protium"	"aracouchini"	"Peru"	"Madre de Dios"	280	280	220947	"P. aracouchini"
"-63.4"	"-8.82"	"W. W. Thomas"	"5152"	"Protium"	"aracouchini"	"Brazil"	"Rond?nia"	"NA"	"NA"	220947	"P. aracouchini"
"-69.3"	"-12.82"	"C. R. Reynel"	"5159"	"Protium"	"aracouchini"	"Peru"	"Madre de Dios"	280	"NA"	220947	"P. aracouchini"
"-66.17"	"0.83"	"B. M. Boom"	"5170"	"Protium"	"elegans"	"Venezuela"	"Amazonas"	140	140	220947	"P. elegans"
"-63.9039"	"-8.76194"	"F. Dionizia"	"52"	"Protium"	"aracouchini"	"Brazil"	"Rond?nia"	"NA"	"NA"	220947	"P. aracouchini"
"-35.5"	"-7.58"	"E. M. N. Ferraz"	"525"	"Protium"	"aracouchini"	"Brazil"	"Pernambuco"	600	600	220947	"P. aracouchini"
"-73.4363889"	"-3.9380556"	"P. V. A. Fine"	"53"	"Protium"	"calanense"	"Peru"	"Loreto"	100	150	220947	"P. calanense"
"-59.9281883"	"-2.9548699"	"W. A. Rodrigues"	"5319"	"Protium"	"aracouchini"	"Brazil"	"Amazonas"	"NA"	"NA"	220947	"P. aracouchini"
"-59.9281883"	"-2.9548699"	"W. A. Rodrigues"	"5319"	"Protium"	"aracouchini"	"Brazil"	"Amazonas"	"NA"	"NA"	220947	"P. aracouchini"
"-35.5"	"-7.58"	"E. M. N. Ferraz"	"533"	"Protium"	"aracouchini"	"Brazil"	"Pernambuco"	600	600	220947	"P. aracouchini"
"-59.53"	"-1.83"	"W. W. Thomas"	"5332"	"Protium"	"aracouchini"	"Brazil"	"Amazonas"	"NA"	"NA"	220947	"P. aracouchini"
"-66.7"	"0.3"	"D. C. Daly"	"5413"	"Protium"	"aracouchini"	"Brazil"	"Amazonas"	250	450	220947	"P. aracouchini"
"-56.533"	"3.642"	"H. S. Irwin"	"54576"	"Protium"	"aracouchini"	"Suriname"	"Sipaliwini"	325	325	220947	"P. aracouchini"
"-67.17"	"0.97"	"D. C. Daly"	"5483"	"Protium"	"aracouchini"	"Brazil"	"Amazonas"	"NA"	"NA"	220947	"P. aracouchini"
"-62.133333"	"-6.966667"	"C. A. Cid Ferreira"	"5488"	"Protium"	"aracouchini"	"Brazil"	"Amazonas"	"NA"	"NA"	220947	"P. aracouchini"
"-66.85"	"0.25"	"D. C. Daly"	"5495"	"Protium"	"aracouchini"	"Venezuela"	"Amazonas"	130	370	220947	"P. aracouchini"
"-75.33"	"7.5"	"R. Callejas Posada"	"5501"	"Protium"	"aracouchini"	"Colombia"	"Antioquia"	"NA"	"NA"	220947	"P. aracouchini"
"-66.883333"	"0.833333"	"D. C. Daly"	"5540"	"Protium"	"aracouchini"	"Brazil"	"Amazonas"	"NA"	"NA"	220947	"P. aracouchini"
"-67.383333"	"0.55"	"D. C. Daly"	"5562"	"Protium"	"aracouchini"	"Brazil"	"Amazonas"	"NA"	"NA"	220947	"P. aracouchini"
"-59.9952221"	"-3.4396113"	"M. F. da Silva"	"563"	"Protium"	"aracouchini"	"Brazil"	"Amazonas"	"NA"	"NA"	220947	"P. aracouchini"
"-67.0892"	"-0.1306"	"O. C. Nascimento"	"566"	"Protium"	"aracouchini"	"Brazil"	"Amazonas"	"NA"	"NA"	220947	"P. aracouchini"
"-60.666667"	"-7.55"	"C. A. Cid Ferreira"	"5697"	"Protium"	"aracouchini"	"Brazil"	"Amazonas"	"NA"	"NA"	220947	"P. aracouchini"
"-65.55"	"3.17"	"G. Zimmermann"	"57"	"Protium"	"aracouchini"	"Venezuela"	"Amazonas"	120	"NA"	220947	"P. aracouchini"
"-66.55"	"3.58"	"E. Marin"	"570"	"Protium"	"aracouchini"	"Venezuela"	"Amazonas"	180	"NA"	220947	"P. aracouchini"
"-39.0083"	"-15.1056"	"J. G. Jardim"	"573"	"Protium"	"aracouchini"	"Brazil"	"Bahia"	"NA"	"NA"	220947	"P. aracouchini"
"-60.41916667"	"6.283305556"	"K. M. Redden"	"5733"	"Protium"	"aracouchini"	"Guyana"	"Cuyuni-Mazaruni"	233	233	220947	"P. aracouchini"
"-60.41916667"	"6.283305556"	"K. M. Redden"	"5733"	"Protium"	"calanense"	"Guyana"	"Cuyuni-Mazaruni"	233	233	220947	"P. calanense"
"-69.28"	"-12.83"	"A. Smith"	"57804"	"Protium"	"aracouchini"	"Peru"	"Madre de Dios"	250	250	220947	"P. aracouchini"
"-73.75"	"-4.92"	"D. C. Daly"	"5785"	"Protium"	"aracouchini"	"Peru"	"Loreto"	"NA"	"NA"	220947	"P. aracouchini"
"-66.38"	"6.57"	"A. Fernandez"	"5789"	"Protium"	"aracouchini"	"Venezuela"	"Bol?var"	800	800	220947	"P. aracouchini"
"-65.374763"	"-9.703555"	"G. T. Prance"	"5792"	"Protium"	"aracouchini"	"Brazil"	"Amazonas"	"NA"	"NA"	220947	"P. aracouchini"
"-66.38"	"6.57"	"A. Fernandez"	"5796"	"Protium"	"aracouchini"	"Venezuela"	"Bol?var"	800	800	220947	"P. aracouchini"
"-46.819299"	"-1.612611"	"G. T. Prance"	"58764"	"Protium"	"aracouchini"	"Brazil"	"Par?"	"NA"	"NA"	220947	"P. aracouchini"
-60	"-7.25"	"C. A. Cid Ferreira"	"5880"	"Protium"	"aracouchini"	"Brazil"	"Amazonas"	"NA"	"NA"	220947	"P. aracouchini"
-60	"-7.25"	"C. A. Cid Ferreira"	"5880"	"Protium"	"calanense"	"Brazil"	"Amazonas"	"NA"	"NA"	220947	"P. calanense"
"-66.17"	"0.83"	"T. B. Croat"	"59300"	"Protium"	"aracouchini"	"Venezuela"	"Amazonas"	"NA"	"NA"	220947	"P. aracouchini"
"-66.17"	"0.83"	"T. B. Croat"	"59300"	"Protium"	"aracouchini"	"Venezuela"	"Amazonas"	"NA"	"NA"	220947	"P. aracouchini"
"-63.1"	"6.25"	"G. A. Aymard Corredor"	"6033"	"Protium"	"aracouchini"	"Venezuela"	"Bol?var"	400	"NA"	220947	"P. aracouchini"
-35	"-7.7886"	"A. G. da Silva"	"609"	"Protium"	"aracouchini"	"Brazil"	"Pernambuco"	40	40	220947	"P. aracouchini"
"-73.58"	"-3.92"	"R. V?squez Mart?nez"	"6134"	"Protium"	"aracouchini"	"Peru"	"Loreto"	150	"NA"	220947	"P. aracouchini"
"-66.92"	"-0.33"	"M. L. Alencar"	"614"	"Protium"	"aracouchini"	"Brazil"	"Amazonas"	"NA"	"NA"	220947	"P. aracouchini"
"-65.83"	"-11.08"	"J. C. Solomon"	"6174"	"Protium"	"aracouchini"	"Bolivia"	"Beni"	230	230	220947	"P. aracouchini"
"-65.83"	"-11.08"	"J. C. Solomon"	"6178"	"Protium"	"aracouchini"	"Bolivia"	"Beni"	230	230	220947	"P. aracouchini"
"-64.75"	"6.5833"	"C. Knab-Vispo"	"618"	"Protium"	"aracouchini"	"Venezuela"	"Bol?var"	80	"NA"	220947	"P. aracouchini"
-77	"3.97"	"A. Smith"	"62798"	"Protium"	"aracouchini"	"Colombia"	"Valle del Cauca"	50	50	220947	"P. aracouchini"
"-50.05"	"-6.07"	"C. R. Sperling"	"6286"	"Protium"	"aracouchini"	"Brazil"	"Par?"	650	650	220947	"P. aracouchini"
"-67.07972"	"6.18097"	"N. Cuello A."	"629"	"Protium"	"aracouchini"	"Venezuela"	"Bol?var"	20	30	220947	"P. aracouchini"
"-76.5"	"-0.8"	"M. Aulestia"	"633"	"Protium"	"aracouchini"	"Ecuador"	"Napo"	250	250	220947	"P. aracouchini"
"-67.78"	"3.83"	"G. A. Aymard Corredor"	"6365"	"Protium"	"aracouchini"	"Venezuela"	"Amazonas"	110	110	220947	"P. aracouchini"
"-67.78"	"3.83"	"G. A. Aymard Corredor"	"6398"	"Protium"	"aracouchini"	"Venezuela"	"Amazonas"	110	110	220947	"P. aracouchini"
"-67.3019055"	"0.076046"	"P. B. Cavalcante"	"650"	"Protium"	"aracouchini"	"Brazil"	"Amazonas"	"NA"	"NA"	220947	"P. aracouchini"
"-69.33"	"-12.83"	"S. F. Smith"	"658"	"Protium"	"aracouchini"	"Peru"	"Madre de Dios"	"NA"	"NA"	220947	"P. aracouchini"
"-59.4734144"	"-1.9155557"	"C. A. Cid Ferreira"	"6599"	"Protium"	"aracouchini"	"Brazil"	"Amazonas"	"NA"	"NA"	220947	"P. aracouchini"
"-59.4734144"	"-1.9155557"	"C. A. Cid Ferreira"	"6599"	"Protium"	"aracouchini"	"Brazil"	"Amazonas"	"NA"	"NA"	220947	"P. aracouchini"
"-63.0206"	"-7.5061"	"B. A. Krukoff"	"6637"	"Protium"	"aracouchini"	"Brazil"	"Amazonas"	"NA"	"NA"	220947	"P. aracouchini"
"-59.4734144"	"-1.9155557"	"C. A. Cid Ferreira"	"6659"	"Protium"	"aracouchini"	"Brazil"	"Amazonas"	"NA"	"NA"	220947	"P. aracouchini"
"-59.4734144"	"-1.9155557"	"C. A. Cid Ferreira"	"6659"	"Protium"	"aracouchini"	"Brazil"	"Amazonas"	"NA"	"NA"	220947	"P. aracouchini"
"-77.08"	"-0.33"	"E. Gudi?o"	"67"	"Protium"	"aracouchini"	"Ecuador"	"Napo"	250	250	220947	"P. aracouchini"
"-59.4734144"	"-1.9155557"	"C. A. Cid Ferreira"	"6707"	"Protium"	"aracouchini"	"Brazil"	"Amazonas"	"NA"	"NA"	220947	"P. aracouchini"
"-59.4734144"	"-1.9155557"	"C. A. Cid Ferreira"	"6707"	"Protium"	"aracouchini"	"Brazil"	"Amazonas"	"NA"	"NA"	220947	"P. aracouchini"
"-76.2"	0	"R. Valencia"	"67484"	"Protium"	"aracouchini"	"Ecuador"	"Sucumb?os"	265	265	220947	"P. aracouchini"
"-67.05"	"1.93"	"H. L. Clark"	"6750"	"Protium"	"aracouchini"	"Venezuela"	"Amazonas"	119	119	220947	"P. aracouchini"
"-72.6697"	"-7.6311"	"N. A. Rosa"	"679"	"Protium"	"aracouchini"	"Brazil"	"Acre"	"NA"	"NA"	220947	"P. aracouchini"
"-73.6"	"-4.85"	"P. V. A. Fine"	"684"	"Protium"	"calanense"	"Peru"	"Loreto"	100	150	220947	"P. calanense"
"-59.9281883"	"-2.9548699"	"W. A. Rodrigues"	"6845"	"Protium"	"aracouchini"	"Brazil"	"Amazonas"	"NA"	"NA"	220947	"P. aracouchini"
"-70.1"	"-12.57"	"A. P. Maceda"	"685"	"Protium"	"aracouchini"	"Peru"	"Madre de Dios"	"NA"	"NA"	220947	"P. aracouchini"
"-63.03"	"-7.52"	"B. A. Krukoff"	"6857"	"Protium"	"aracouchini"	"Brazil"	"Amazonas"	"NA"	"NA"	220947	"P. aracouchini"
"-54.743479"	"4.268374"	"M. J. Jansen-Jacobs"	"6875"	"Protium"	"aracouchini"	"Suriname"	"Marowijne"	600	650	220947	"P. aracouchini"
"-65.55"	"3.17"	"D. Coomes"	"69"	"Protium"	"aracouchini"	"Venezuela"	"Amazonas"	106	"NA"	220947	"P. aracouchini"
"-64.68333333"	"2.966666667"	"A. Fernandez"	"6921"	"Protium"	"aracouchini"	"Venezuela"	"Amazonas"	340	340	220947	"P. aracouchini"
"-75.61894444"	"1.750055556"	"D. Cárdenas"	"6924"	"Protium"	"leptostachyum"	"Colombia"	"Caquetá"	"NA"	"NA"	220947	"P. leptostachyum"
"-59.9281883"	"-2.9548699"	"W. A. Rodrigues"	"7017"	"Protium"	"aracouchini"	"Brazil"	"Amazonas"	"NA"	"NA"	220947	"P. aracouchini"
"-39.1815805"	"-16.3721094"	"P. J. M. Maas"	"7018"	"Protium"	"aracouchini"	"Brazil"	"Bahia"	"NA"	"NA"	220947	"P. aracouchini"
"-39.1815805"	"-16.3721094"	"P. J. M. Maas"	"7018"	"Protium"	"calanense"	"Brazil"	"Bahia"	"NA"	"NA"	220947	"P. calanense"
"-63.03"	"-7.52"	"B. A. Krukoff"	"7027"	"Protium"	"aracouchini"	"Brazil"	"Amazonas"	"NA"	"NA"	220947	"P. aracouchini"
"-67.08"	"-0.12"	"M. L. Alencar"	"703"	"Protium"	"aracouchini"	"Brazil"	"Amazonas"	"NA"	"NA"	220947	"P. aracouchini"
"-39.0617"	"-14.4231"	"W. W. Thomas"	"7165"	"Protium"	"calanense"	"Brazil"	"Bahia"	"NA"	"NA"	220947	"P. calanense"
"-67.05"	"1.93"	"H. L. Clark"	"7243"	"Protium"	"aracouchini"	"Venezuela"	"Amazonas"	119	"NA"	220947	"P. aracouchini"
-77	"-0.42"	"D. A. Neill"	"7255"	"Protium"	"aracouchini"	"Ecuador"	"Napo"	250	250	220947	"P. aracouchini"
"-67.05"	"1.93"	"H. L. Clark"	"7285"	"Protium"	"aracouchini"	"Venezuela"	"Amazonas"	119	"NA"	220947	"P. aracouchini"
-77	"-0.42"	"D. A. Neill"	"7316"	"Protium"	"aracouchini"	"Ecuador"	"Napo"	250	250	220947	"P. aracouchini"
"-59.97"	"-2.883333"	"J. R. Nascimento"	"732"	"Protium"	"aracouchini"	"Brazil"	"Amazonas"	"NA"	"NA"	220947	"P. aracouchini"
"-67.75"	4	"J. Velazco"	"736"	"Protium"	"aracouchini"	"Venezuela"	"Amazonas"	80	"NA"	220947	"P. aracouchini"
"-67.05"	"1.93"	"H. L. Clark"	"7368"	"Protium"	"aracouchini"	"Venezuela"	"Amazonas"	119	"NA"	220947	"P. aracouchini"
"-63.418158"	"-8.9204557"	"C. A. Cid Ferreira"	"7410"	"Protium"	"aracouchini"	"Brazil"	"Rond?nia"	"NA"	"NA"	220947	"P. aracouchini"
"-67.75"	4	"J. Velazco"	"750"	"Protium"	"aracouchini"	"Venezuela"	"Amazonas"	80	"NA"	220947	"P. aracouchini"
"-68.67"	"-9.05"	"G. T. Prance"	"7556"	"Protium"	"aracouchini"	"Brazil"	"Acre"	"NA"	"NA"	220947	"P. aracouchini"
"-59.4734144"	"-1.9155557"	"C. A. Cid Ferreira"	"7573"	"Protium"	"aracouchini"	"Brazil"	"Amazonas"	"NA"	"NA"	220947	"P. aracouchini"
"-38.9197"	"-13.5886"	"R. A. X. Borges"	"759"	"Protium"	"aracouchini"	"Brazil"	"Bahia"	"NA"	"NA"	220947	"P. aracouchini"
"-45.92"	-3	"J. Jangoux"	"764"	"Protium"	"aracouchini"	"Brazil"	"Maranh?o"	0	100	220947	"P. aracouchini"
"-75.53"	"-0.48"	"W. A. Palacios"	"7679"	"Protium"	"aracouchini"	"Ecuador"	"Napo"	230	230	220947	"P. aracouchini"
"-47.75"	"-4.33"	"D. C. Daly"	"768"	"Protium"	"aracouchini"	"Brazil"	"Par?"	"NA"	"NA"	220947	"P. aracouchini"
"-55.546001"	"5.142711"	"J. P. Schulz"	"7680"	"Protium"	"aracouchini"	"Suriname"		"NA"	"NA"	220947	"P. aracouchini"
"-75.53"	"-0.48"	"W. A. Palacios"	"7681"	"Protium"	"aracouchini"	"Ecuador"	"Napo"	230	230	220947	"P. aracouchini"
"-55.546001"	"5.142711"	"J. P. Schulz"	"7697"	"Protium"	"aracouchini"	"Suriname"		"NA"	"NA"	220947	"P. aracouchini"
"-76.53"	"-1.5"	"W. A. Palacios"	"777"	"Protium"	"aracouchini"	"Ecuador"	"Pastaza"	230	230	220947	"P. aracouchini"
"-65.8"	"4.5"	"L. A. Delgado"	"778"	"Protium"	"aracouchini"	"Venezuela"	"Amazonas"	100	100	220947	"P. aracouchini"
"-75.53"	"-0.55"	"W. A. Palacios"	"7835"	"Protium"	"aracouchini"	"Ecuador"	"Napo"	230	230	220947	"P. aracouchini"
"-75.53"	"-0.55"	"W. A. Palacios"	"7860"	"Protium"	"aracouchini"	"Ecuador"	"Napo"	230	230	220947	"P. aracouchini"
"-76.35"	"-6.48"	"S. D. Knapp"	"7917"	"Protium"	"aracouchini"	"Peru"	"San Mart?n"	760	760	220947	"P. aracouchini"
"-65.42"	"3.05"	"G. A. Aymard Corredor"	"7950"	"Protium"	"aracouchini"	"Venezuela"	"Amazonas"	280	"NA"	220947	"P. aracouchini"
"-72.4"	"-0.62"	"J. F. Duivenvoorden"	"798"	"Protium"	"elegans"	"Colombia"	"Caquetá"	"NA"	"NA"	220947	"P. elegans"
"-64.780916"	"-3.3006428"	"I. L. do Amaral"	"80"	"Protium"	"aracouchini"	"Brazil"	"Amazonas"	"NA"	"NA"	220947	"P. aracouchini"
"-64.780916"	"-3.3006428"	"I. L. do Amaral"	"80"	"Protium"	"aracouchini"	"Brazil"	"Amazonas"	"NA"	"NA"	220947	"P. aracouchini"
"-57.133333"	"-0.016667"	"C. A. Cid Ferreira"	"8059"	"Protium"	"aracouchini"	"Brazil"	"Par?"	"NA"	"NA"	220947	"P. aracouchini"
"-57.133333"	"-0.016667"	"C. A. Cid Ferreira"	"8059"	"Protium"	"aracouchini"	"Brazil"	"Par?"	"NA"	"NA"	220947	"P. aracouchini"
"-76.5"	"-0.8"	"M. Aulestia"	"807"	"Protium"	"aracouchini"	"Ecuador"	"Napo"	250	250	220947	"P. aracouchini"
"-74.75"	"7.02"	"R. Callejas Posada"	"8105"	"Protium"	"aracouchini"	"Colombia"	"Antioquia"	530	640	220947	"P. aracouchini"
"-72.92"	"-3.33"	"R. V?squez Mart?nez"	"8180"	"Protium"	"aracouchini"	"Peru"	"Loreto"	116	116	220947	"P. aracouchini"
"-64.7694415"	"-7.278932"	"G. T. Prance"	"8214"	"Protium"	"aracouchini"	"Brazil"	"Amazonas"	"NA"	"NA"	220947	"P. aracouchini"
"-63.8138354"	"-8.7077196"	"G. T. Prance"	"8295"	"Protium"	"aracouchini"	"Brazil"	"Rond?nia"	"NA"	"NA"	220947	"P. aracouchini"
"-63.116667"	"-9.166667"	"L. O. A. Teixeira"	"835"	"Protium"	"aracouchini"	"Brazil"	"Rond?nia"	"NA"	"NA"	220947	"P. aracouchini"
"-67.1"	"3.07"	"J. Velazco"	"848"	"Protium"	"aracouchini"	"Venezuela"	"Amazonas"	80	80	220947	"P. aracouchini"
"-78.7"	"-4.27"	"W. A. Palacios"	"8504"	"Protium"	"aracouchini"	"Ecuador"	"Zamora-Chinchipe"	970	"NA"	220947	"P. aracouchini"
"-59.74583"	"-2.41625"	"B. M. Boom"	"8592"	"Protium"	"aracouchini"	"Brazil"	"Amazonas"	50	125	220947	"P. aracouchini"
"-56.20236"	"4.729022"	"S. A. Mori"	"8640"	"Protium"	"aracouchini"	"Suriname"		"NA"	"NA"	220947	"P. aracouchini"
"-65.75"	-11	"P. J. M. Maas"	"8659"	"Protium"	"aracouchini"	"Bolivia"	"Beni"	"NA"	"NA"	220947	"P. aracouchini"
"-63.58"	"-12.08"	"C. A. Cid Ferreira"	"8674"	"Protium"	"aracouchini"	"Brazil"	"Rond?nia"	"NA"	"NA"	220947	"P. aracouchini"
"-63.82"	"-10.87"	"N. A. Rosa"	"868"	"Protium"	"aracouchini"	"Brazil"	"Rond?nia"	600	700	220947	"P. aracouchini"
"-67.05"	"1.85"	"R. L. Liesner"	"8848"	"Protium"	"aracouchini"	"Venezuela"	"Amazonas"	120	"NA"	220947	"P. aracouchini"
"-65.1"	"-9.55"	"G. T. Prance"	"8895"	"Protium"	"aracouchini"	"Brazil"	"Rond?nia"	"NA"	"NA"	220947	"P. aracouchini"
"-63.12"	"4.42"	"J. A. Steyermark"	"90525"	"Protium"	"aracouchini"	"Venezuela"	"Bol?var"	500	510	220947	"P. aracouchini"
"-59.97"	"-2.88"	"J. E. L. S. Ribeiro"	"906"	"Protium"	"aracouchini"	"Brazil"	"Amazonas"	"NA"	"NA"	220947	"P. aracouchini"
"-59.6918321"	"-2.6962016"	"G. T. Prance"	"9068"	"Protium"	"aracouchini"	"Brazil"	"Amazonas"	"NA"	"NA"	220947	"P. aracouchini"
"-59.6918321"	"-2.6962016"	"G. T. Prance"	"9068"	"Protium"	"aracouchini"	"Brazil"	"Amazonas"	"NA"	"NA"	220947	"P. aracouchini"
"-66.83"	"2.67"	"G. A. Aymard Corredor"	"9099"	"Protium"	"aracouchini"	"Venezuela"	"Amazonas"	160	160	220947	"P. aracouchini"
"-76.22"	"-0.03"	"W. A. Palacios"	"9105"	"Protium"	"aracouchini"	"Ecuador"	"Sucumb?os"	230	"NA"	220947	"P. aracouchini"
"-67.1"	"4.37"	"E. Foldats"	"9142"	"Protium"	"aracouchini"	"Venezuela"	"Amazonas"	130	130	220947	"P. aracouchini"
"-74.93"	"7.08"	"R. Callejas Posada"	"9226"	"Protium"	"aracouchini"	"Colombia"	"Antioquia"	950	1100	220947	"P. aracouchini"
"-74.93"	"7.08"	"R. Callejas Posada"	"9236"	"Protium"	"aracouchini"	"Colombia"	"Antioquia"	950	1100	220947	"P. aracouchini"
"-72.92"	"-7.4961"	"P. J. M. Maas"	"9242"	"Protium"	"leptostachyum"	"Brazil"	"Acre"	"NA"	"NA"	220947	"P. leptostachyum"
"-39.7222222"	"-13.5972222"	"W. W. Thomas"	"9274"	"Protium"	"aracouchini"	"Brazil"	"Bahia"	500	600	220947	"P. aracouchini"
"-67.3"	"0.33"	"D. W. Stevenson"	"930"	"Protium"	"aracouchini"	"Brazil"	"Amazonas"	"NA"	"NA"	220947	"P. aracouchini"
"-63.9039"	"-8.76194"	"F. Dionizia"	"94"	"Protium"	"aracouchini"	"Brazil"	"Rond?nia"	"NA"	"NA"	220947	"P. aracouchini"
"-67.3"	"4.57"	"E. Foldats"	"9455"	"Protium"	"aracouchini"	"Venezuela"	"Amazonas"	120	"NA"	220947	"P. aracouchini"
"-68.8431"	"-13.0258"	"A. Araujo-Murakami"	"948"	"Protium"	"aracouchini"	"Bolivia"	"La Paz"	190	210	220947	"P. aracouchini"
"-59.282763"	"-2.9420123"	"W. A. Rodrigues"	"9516"	"Protium"	"aracouchini"	"Brazil"	"Amazonas"	"NA"	"NA"	220947	"P. aracouchini"
"-67.75"	"4.37"	"A. Gr?ger"	"963"	"Protium"	"aracouchini"	"Venezuela"	"Amazonas"	"NA"	"NA"	220947	"P. aracouchini"
"-77.9175"	"-3.0306"	"C. Kajekai"	"966"	"Protium"	"calanense"	"Ecuador"	"Morona-Santiago"	530	"NA"	220947	"P. calanense"
"-45.2508"	"-3.4919"	"W. L. Bal?e"	"969"	"Protium"	"aracouchini"	"Brazil"	"Maranh?o"	"NA"	"NA"	220947	"P. aracouchini"
"-59.97"	"-2.88"	"J. E. L. S. Ribeiro"	"971"	"Protium"	"aracouchini"	"Brazil"	"Amazonas"	"NA"	"NA"	220947	"P. aracouchini"
"-39.2206"	"-17.3411"	"S. A. Mori"	"9730"	"Protium"	"aracouchini"	"Brazil"	"Bahia"	25	75	220947	"P. aracouchini"
"-67.07"	"1.92"	"G. A. Aymard Corredor"	"9819"	"Protium"	"aracouchini"	"Venezuela"	"Amazonas"	140	140	220947	"P. aracouchini"
"-51.85"	"4.216666667"	"B. Oldeman"	"B.2632"	"Protium"	"aracouchini"	"French Guiana"		"NA"	"NA"	220947	"P. aracouchini"
"-72.67"	"-7.63111"	"P. J. M. Maas"	"P12854"	"Protium"	"aracouchini"	"Brazil"	"Acre"	"NA"	"NA"	220947	"P. aracouchini"
"-66.1014748"	"-2.5011698"	"E. Lleras"	"P17428"	"Protium"	"aracouchini"	"Brazil"	"Amazonas"	"NA"	"NA"	220947	"P. aracouchini"
"-59.35"	"-10.2"	"C. C. Berg"	"P18448"	"Protium"	"aracouchini"	"Brazil"	"Mato Grosso"	"NA"	"NA"	220947	"P. aracouchini"
"-59.35"	"-10.2"	"C. C. Berg"	"P18490"	"Protium"	"aracouchini"	"Brazil"	"Mato Grosso"	"NA"	"NA"	220947	"P. aracouchini"
"-59.93016"	"-3.085061"	"C. C. Berg"	"P18794"	"Protium"	"aracouchini"	"Brazil"	"Amazonas"	"NA"	"NA"	220947	"P. aracouchini"
"-60.086031"	"-1.8595815"	"C. C. Berg"	"P19552"	"Protium"	"aracouchini"	"Brazil"	"Amazonas"	"NA"	"NA"	220947	"P. aracouchini"
"-59.35"	"-10.2"	"C. C. Berg"	"P19898"	"Protium"	"aracouchini"	"Brazil"	"Mato Grosso"	"NA"	"NA"	220947	"P. aracouchini"
"-59.35"	"-10.2"	"C. C. Berg"	"P19898"	"Protium"	"aracouchini"	"Brazil"	"Mato Grosso"	"NA"	"NA"	220947	"P. aracouchini"
"-60.086031"	"-1.8595815"	"W. C. Steward"	"P20288"	"Protium"	"aracouchini"	"Brazil"	"Amazonas"	"NA"	"NA"	220947	"P. aracouchini"
"-58.8774705"	"-2.9875702"	"T. D. Pennington"	"P22643"	"Protium"	"aracouchini"	"Brazil"	"Amazonas"	"NA"	"NA"	220947	"P. aracouchini"
"-58.8774705"	"-2.9875702"	"T. D. Pennington"	"P22646"	"Protium"	"aracouchini"	"Brazil"	"Amazonas"	"NA"	"NA"	220947	"P. aracouchini"
"-52.365972"	"-3.262909"	"G. T. Prance"	"P24722"	"Protium"	"aracouchini"	"Brazil"	"Par?"	"NA"	"NA"	220947	"P. aracouchini"
"-52.365972"	"-3.262909"	"G. T. Prance"	"P24722"	"Protium"	"aracouchini"	"Brazil"	"Par?"	"NA"	"NA"	220947	"P. aracouchini"
"-55.4820299"	"-6.7139599"	"G. T. Prance"	"P25496"	"Protium"	"aracouchini"	"Brazil"	"Par?"	"NA"	"NA"	220947	"P. aracouchini"
"-55.4820299"	"-6.7139599"	"G. T. Prance"	"P25496"	"Protium"	"aracouchini"	"Brazil"	"Par?"	"NA"	"NA"	220947	"P. aracouchini"
"-60.0917441"	"-2.326638"	"C. A. Mackenzie"	"s.n."	"Protium"	"aracouchini"	"Brazil"	"Amazonas"	"NA"	"NA"	220947	"P. aracouchini"
"-73.75"	"-4.92"	"L. Bernardi"	"s/n"	"Protium"	"aracouchini"	"Peru"	"Loreto"	120	120	220947	"P. aracouchini"
"-73.282456"	"-3.75626"	"W. A. Ducke"	"s/n"	"Protium"	"aracouchini"	"Peru"		"NA"	"NA"	220947	"P. aracouchini"
"-59.9865854"	"-2.3900614"	"J. R. M. Nascimento"	"s/n"	"Protium"	"aracouchini"	"Brazil"	"Amazonas"	"NA"	"NA"	220947	"P. aracouchini"
"-59.9281883"	"-2.9548699"	"D. F. Co?lho"	"s/n"	"Protium"	"aracouchini"	"Brazil"	"Amazonas"	"NA"	"NA"	220947	"P. aracouchini"
"-66.7"	"0.3"	"A. C. Weber"	"s/n"	"Protium"	"aracouchini"	"Brazil"	"Amazonas"	"NA"	"NA"	220947	"P. aracouchini"
"-48.5044"	"-1.45583"	"R. S. Rodrigues"	"s/n"	"Protium"	"aracouchini"	"Brazil"	"Par?"	"NA"	"NA"	220947	"P. aracouchini"
"-59.9865854"	"-2.3900614"	"E. Palheta"	"s/n"	"Protium"	"aracouchini"	"Brazil"	"Amazonas"	"NA"	"NA"	220947	"P. aracouchini"
"-60.025"	"-3.10194"	"A. Loureiro"	"s/n"	"Protium"	"aracouchini"	"Brazil"	"Amazonas"	"NA"	"NA"	220947	"P. aracouchini"
"-60.025"	"-3.10194"	"A. Loureiro"	"s/n"	"Protium"	"aracouchini"	"Brazil"	"Amazonas"	"NA"	"NA"	220947	"P. aracouchini"
"-59.9195758"	"-2.7611821"	"D. Co?lho"	"s/n"	"Protium"	"aracouchini"	"Brazil"	"Amazonas"	"NA"	"NA"	220947	"P. aracouchini"
"-64.98"	"6.35"	"L. Salas"	"TT-125"	"Protium"	"aracouchini"	"Venezuela"	"Bol?var"	120	120	220947	"P. aracouchini"
"-73.724047"	"-5.908040"	"Fine, P.V.A."	"s_n_"	"Protium"	"sp. 4"	"Peru"	"Loreto"	137	165		"P. sp. 4"
"-61.74868"	"3.77973"	"Perdiz, R.O."	1799	"Protium"	"sp. 1"	"Brazil"	"Roraima"				"P. sp. 1"
"-35.168611"	"-6.524167"	"Jardim, J.G."	6443	"Protium"	"aracouchini"	"Brazil"	"Rio Grande do Norte"	"NA"	100		"P. aracouchini"
